{"cameraMode":{"drawMode":0,"name":"Shaded","section":"Shading Mode"},"sceneLighting":false,"audioPlay":false,"sceneViewState":{"m_AlwaysRefresh":false,"showFog":true,"showSkybox":false,"showFlares":true,"showImageEffects":true,"showParticleSystems":true,"showVisualEffectGraphs":true,"m_FxEnabled":true},"in2DMode":false,"pivot":{"x":5.349457263946533,"y":2.3419809341430666,"z":0.07460975646972656},"rotation":{"x":-0.013807716779410839,"y":0.014095422811806202,"z":-0.0001945673575391993,"w":-0.9998074769973755},"size":12.579745292663575,"orthographic":false}